,MAE,MSE,RMSE
linear_model,2.476635456085205,111.87136840820312,3.5188947
dnn_model,1.6842000484466553,121.73422241210938,2.3560998
tpot_extratrees,1.770828231292517,6.174544969246032,2.484863
